"","variable","n_obs","sd_obs","sd_sim","RMSE","nRMSE","rRMSE","MAE","Bias","EF","RMSEs","RMSEu","RMSEs_sd","RMSEu_sd"
"11","HR_1",33,4.46014201632787,1.36449648794422,3.94135715473264,35.4262063324217,0.354262063324218,3.15355861471862,1.41451948051948,0.194699128363336,3.80394281633706,1.03165656649868,0.852874819324458,0.231305766211468
"12","pdsfruitfrais",1,NA,NA,8.59771,22.9885294117647,0.229885294117647,8.59771,8.59771,-Inf,8.59771,0,NA,NA
