"","variable","n_obs","sd_obs","sd_sim","RMSE","nRMSE","rRMSE","MAE","Bias","EF","RMSEs","RMSEu","RMSEs_sd","RMSEu_sd"
"1","HR_1",99,4.09126414641022,1.51454560385963,5.1878760991009,38.9090707432567,0.389090707432568,4.37762708513708,4.03557444444444,-0.624326275766855,5.06565265488974,1.1194738047989,1.23816318712505,0.273625403967415
"2","pdsfruitfrais",3,13.7602083317562,0.471888109866453,12.3436912665607,23.5866712099886,0.235866712099886,11.5219966666667,-5.75219666666667,-0.207066903823302,12.3417201041197,0.220587750643414,0.896913753524874,0.0160308438161023
