"","variable","n_obs","sd_obs","sd_sim","RMSE","nRMSE","rRMSE","MAE","Bias","EF","RMSEs","RMSEu","RMSEs_sd","RMSEu_sd"
"15","HR_1",33,3.44815665578292,0.837857774003752,4.4841669235145,30.7599869140861,0.307599869140861,3.71359523809524,3.29250701298701,-0.744028294889115,4.42886392190392,0.702080735527825,1.28441493934919,0.203610452080349
"16","pdsfruitfrais",1,NA,NA,8.13388,14.7620326678766,0.147620326678766,8.13388,-8.13388,-Inf,8.13388,0,NA,NA
