"","variable","n_obs","sd_obs","sd_sim","RMSE","nRMSE","rRMSE","MAE","Bias","EF","RMSEs","RMSEu","RMSEs_sd","RMSEu_sd"
"5","HR_1",33,3.44934745067785,1.09585808920773,4.51854418842255,31.6058654814719,0.316058654814719,3.88012264069264,3.38327805194805,-0.769649034509718,4.42203681727851,0.928887490151799,1.28199228419552,0.269293686250499
"6","pdsfruitfrais",1,NA,NA,17.77741,27.5618759689923,0.275618759689923,17.77741,-17.77741,-Inf,17.77741,0,NA,NA
