"","variable","n_obs","sd_obs","sd_sim","RMSE","nRMSE","rRMSE","MAE","Bias","EF","RMSEs","RMSEu","RMSEs_sd","RMSEu_sd"
"1","HR_1",33,4.46014201632787,2.02046189860595,6.34170171785133,57.0012878141501,0.570012878141501,5.53916337662337,5.43093826839827,-1.08486629801756,6.18807156501982,1.3874260284396,1.38741581374904,0.311072163926721
"2","pdsfruitfrais",1,NA,NA,8.6547,23.1409090909091,0.231409090909091,8.6547,8.6547,-Inf,8.6547,0,NA,NA
