"","variable","n_obs","sd_obs","sd_sim","RMSE","nRMSE","rRMSE","MAE","Bias","EF","RMSEs","RMSEu","RMSEs_sd","RMSEu_sd"
"3","HR_1",33,4.46014201632787,1.32916296837628,3.86920887478002,34.7777140106686,0.347777140106686,3.11891255411256,1.34226069264069,0.223912055586126,3.74873749008727,0.957989847070742,0.840497337610269,0.214789090473732
"4","pdsfruitfrais",1,NA,NA,8.78199,23.481256684492,0.23481256684492,8.78199,8.78199,-Inf,8.78199,0,NA,NA
