"","variable","n_obs","sd_obs","sd_sim","RMSE","nRMSE","rRMSE","MAE","Bias","EF","RMSEs","RMSEu","RMSEs_sd","RMSEu_sd"
"9","HR_1",33,4.46014201632787,2.30006243969387,3.64605605142249,32.7719434972216,0.327719434972216,2.73204225108225,1.54956857142857,0.310850780746975,3.24581864624757,1.66083895841412,0.72773885548154,0.37237355948175
"10","pdsfruitfrais",1,NA,NA,4.26105,11.3931818181818,0.113931818181818,4.26105,4.26105,-Inf,4.26105,0,NA,NA
