"","variable","n_obs","sd_obs","sd_sim","RMSE","nRMSE","rRMSE","MAE","Bias","EF","RMSEs","RMSEu","RMSEs_sd","RMSEu_sd"
"7","HR_1",33,3.44934745067785,0.781654505445675,3.34838373797694,23.4209430271816,0.234209430271816,2.54274095238095,-1.13758588744589,0.028236631206444,3.27494444535706,0.697432818681028,0.949438840877997,0.202192683878213
"8","pdsfruitfrais",1,NA,NA,17.91026,27.7678449612403,0.277678449612403,17.91026,-17.91026,-Inf,17.91026,0,NA,NA
