"","variable","n_obs","sd_obs","sd_sim","RMSE","nRMSE","rRMSE","MAE","Bias","EF","RMSEs","RMSEu","RMSEs_sd","RMSEu_sd"
"17","HR_1",33,3.44815665578292,0.587256148703894,3.44475188181882,23.6299238218307,0.236299238218307,2.84234974025974,-1.28072238095238,-0.0292144546335915,3.40441814944129,0.525597365907614,0.987315394656368,0.152428505539658
"18","pdsfruitfrais",1,NA,NA,8.30619,15.0747549909256,0.150747549909256,8.30619,-8.30619,-Inf,8.30619,0,NA,NA
