"","variable","n_obs","sd_obs","sd_sim","RMSE","nRMSE","rRMSE","MAE","Bias","EF","RMSEs","RMSEu","RMSEs_sd","RMSEu_sd"
"13","HR_1",33,4.46014201632787,1.93079346900591,3.93371019147311,35.3574729272485,0.353574729272485,3.07305891774891,1.87469493506493,0.197820962799126,3.66220326830661,1.43608603227793,0.821095663523688,0.321982131291032
"14","pdsfruitfrais",1,NA,NA,7.51915,20.104679144385,0.20104679144385,7.51915,-7.51915,-Inf,7.51915,0,NA,NA
