"","variable","n_obs","sd_obs","sd_sim","RMSE","nRMSE","rRMSE","MAE","Bias","EF","RMSEs","RMSEu","RMSEs_sd","RMSEu_sd"
"1","HR_1",33,4.46014201632787,2.2540373724161,3.04104160514847,27.3338759061983,0.273338759061983,2.31900402597403,0.118300995670993,0.520585339648499,2.68896850942132,1.42034587322401,0.602888540225273,0.318453060020141
